Id,Sequence
ACP_1,SFWKWKRGLTKWGKKLKTKLSNGLRKNCWR
ACP_2,RWKRLLKTKARFITHKFGAAAAAVWAVRWC
ACP_3,RWRGCGETPFGVPCNVPSCKCTWPTCHKNH
ACP_4,RWKKKKKVGAKKAKRLMTLLLAKWGGGPGR
ACP_5,RCRRGIKKRPLKLLKKLCKSGKVMVALAGP
ACP_6,GWPAFVNGCRLGMCRSPGCHCSWPVCTKNK
ACP_7,LKRLWKWKKKIVRLHGPAAVGAGVWAWAGC
ACP_8,GWPAFVNGCRLGMCRSPGCHCSWPVCTKNK
ACP_9,KRWGKILGRIIRKLAAAAAVWAGWWAGLGR
ACP_10,KREKFKRAMKWLAKIIGEWLNAGWKKTVRR
ACP_11,SLPKFGETCAGVSCNTPGCTCSWPTCTKDH
ACP_12,CDRKFRKKVKRQGRRIQRRCSPPWAKGPGR
ACP_13,GFCLLIVTLKRPLKSCFWAAAAWWGAGAWC
ACP_14,GVTKKCAATIRNALKNVGRCAAAAGWGPGC
ACP_15,FTAALAKLAAKFARLILCFKNKRAGPGAWR
ACP_16,GMWRKALGKIKSTLKKFGMIAAAWGWGPGR
ACP_17,AFWRMIRSWARKAKKVVGRCFAAAGPGPWG
ACP_18,RFLKRWIGRILRKFKKRAAAGWGWGWGPGE
ACP_19,KKLRWIKRWRNLWKKTLPAAGSGVWLWRWR
ACP_20,RYVFFWKIGAKLLKKAAAALGWGVGAAAWC
ACP_21,RWKACIKAFFARLLAKVKKSVAWYNHNRNR
ACP_22,RFRAFRAYKRIGRRLRRKGKAAAAWGGPWG
ACP_23,KLNRFKRGVFKILSHFKPAAAAAWRWGAGR
ACP_24,GMPICGDTHFRGACLTQGCSCSSCVCTRNH
ACP_25,FKCFKKVLKLATLLPAAAAVGAGVGGGAGR
ACP_26,RLFRKITRLLSLIKKCAAAVWAAWGWLVVR
ACP_27,KVLKKIIKAAKKALKKLYRAIMAAGPGPGE
ACP_28,RWKRLFRRKADKIQCIGKVIGAAWKGLAGE
ACP_29,RWKKFAKKMTMFTKLLAHLKVQIMACTKQR
ACP_30,STKQLIKKAAKMIKKGVQAAAAAWGWGAWR
ACP_31,RKLRAIAKSLVKKIAKAWPAAAAAWGVAGS
ACP_32,KKVAKLKGLIKKAAAAAAGLGAWVGAGAGR
ACP_33,GWHRNARCWHRWTMSVWKKFWPAALGGPGP
ACP_34,RVMQMIKKLAKNARKLIGKYAAAVWGGWWR
ACP_35,GRKFRVLIKKKGKKKAAAAVGWGVGAGAGR
ACP_36,KYKANWFAPKLANKLCGRKWAAAVWGGAWR
ACP_37,KRWRWWWKWYRRKTRRWAHAWAWAGAGAWR
ACP_38,DVRKWIKRAKKFLSRAAAAVWAGVAAAVAR
ACP_39,AKRILKRKSKLALRHTAWAAGAGVWAWPGC
ACP_40,RKPVCDTFRKLAKCLPVVCKTLWGACTKDH
ACP_41,KYISKKKAPFKWCRYINKLFFGAEGPGGWR
ACP_42,DVKKNLKSLKKLKKKLAAAVGWGAGAGAWL
ACP_43,AVWRKILKNLKKVLRDLVKAAAWWGWVPGS
ACP_44,GFFTCVKACADGVCTTLGCACNMGVCTRNH
ACP_45,WKWARAWAKKRLSGWAAAAVGAVVGAGAWR
ACP_46,WKWPGKWKRKIRRLAAAAAVWALVGAGAAR
ACP_47,GAWRKWYKWIWRWLRKWGSEWAAAWWGPGR
ACP_48,GIFDLLKKVANSVKPIFNAIFRKVGAGVGR
ACP_49,KAKRLLKRALRLVKRLAAAVGAGWGAGAGC
ACP_50,GWWRKIRKLAKRIPLYPAAVGAVAGAGAWS
ACP_51,TFRALTKKIAKGGRRLFHRVAAAVGWGRWP
ACP_52,RKRAFWRLKRILRRFTRLAAAAAVGWVPGR
ACP_53,KWKLFNLRPVIYKTFRGYLKAWAELGGPWR
ACP_54,KARLIIKLAKKIIRAAAAAVWAVVGAAAWG
ACP_55,KLFRNIGWWWKRNAAAAHGAGALVGAAAWC
ACP_56,GLKKWLRAAMKAARKHAAAVVAWRGAGAGA
ACP_57,RWRWFRRRPRKFARYFPRAAAAGWWWGLWR
ACP_58,TAKLLAEAAKKSAKCAGRWAAAAVWWGRWR
ACP_59,GKFKACASIAKGPPNSNRRAAAWWWWGAWC
ACP_60,RLHSKVCKRLLSGRLKRLKRKIKQGEAPGR
ACP_61,RFRRPLRKRPKRPPWWPAAVAAAGWWLAWS
ACP_62,RIMLKKGSFLLCLKKCAAAVGAGWGAGPGG
ACP_63,GKFDLIRRVLGAIKKHLAAAAAAWWGVAGR
ACP_64,ALSKMKCAFRWKLIKCLRRFNFAAGPWPGG
ACP_65,RWRKFRRRARTIGKGILAPAAAAVWWLVGR
ACP_66,KAKKVLWKDKLQARKCPPAVGAWVWLWGWR
ACP_67,KRRVKKLIKWLRNFKGAAAVGAWVWLGAGE
ACP_68,KRRIKQRLPHHQKRFLYDYKNKAFKKEWGR
ACP_69,RWRKFFRRRPKKPKYWRKRRQLAAGGGWGG
ACP_70,DRVKWAKIIKMFAKPAWLPAAAWWGAGGGR
ACP_71,AAKQVYNKIRKIYKALLPAAGSGVGGARVR
ACP_72,GAWGMFWGWNKKGAVAVGRILGCAGGGPGP
ACP_73,KPRITLKLKKKNKAAAAAAVWAGVAAAVWG
ACP_74,FKKFKKVRKQLKKCMKDKVYAWAEWEGPGG
ACP_75,NAWAKLLGKFYDKAKQKVGAAAAAWWGAGG
ACP_76,RWRWPFRRQRIIHPFWFAAAEGAAWAGAWC
ACP_77,KAFGDVKSVLSGLKRLLTRKKIKWGAAPGG
ACP_78,GFLRKAIQKGKNLGYPLPAAAAWWGAGAWR
ACP_79,RFRWPWRRPPIRPPFYPAAAAAAVWWVAWC
ACP_80,RRLRRKGRRRKRLFRGLAEAAAAWWWVPWR
ACP_81,KLKACFQGPAQFLKPGLFKALKNKAPAVGG
ACP_82,WQKFWKHFLKAAKDRAAAAVGGGVWAGLGA
ACP_83,GFGDCSDAICKKNTKVGALACAYNKMTKQH
ACP_84,LRMLRWWPWFRRWFHGHFAVGAGAWVGAWC
ACP_85,CDLEKALRKVANMAKKCIAAAAWVWWVAGR
ACP_86,RYRWPWRRRPIRPPWWPAHVGAWVWVGAWR
ACP_87,GASHTAFPMIRQMCRKFGKQAAAAGAGPGC
ACP_88,RAIHRAGGRGIFKTRWAAAVGAGWGAGAWC
ACP_89,NPKKGRGFRKLFLKRKFCSASEPWGAGPWR
ACP_90,VKRECGETFRKGKKSKAKINVAGYKKKKNH
ACP_91,KWVRFIFKFKRTGAAAAAAAAGGVGVAARR
ACP_92,GKRWAALLSLLNNIFNWAAVCVGVWWGAWR
ACP_93,DCQRIIKRWRKSTAAAVAAAAVAVAVAAWR
ACP_94,RFRRPIRRRPLRPPFIPWAVGAGGWAVPWS
ACP_95,NFARFKGKLAKFIRLFLFLACKRCNAAGGG
ACP_96,RMRGFVRPRPLKPHKWAAAVWCLAWWVAWS
ACP_97,WKRWPWGYFRWLKDFQPAAELGAVWAAAWG
ACP_98,ADKDLAFLQKRFARRKFKPAAAGWWWVPWR
ACP_99,GFPRLLHRLKRRFREAAAHVWGGWGAGAWR
ACP_100,FNNALFRPLGGIIRKCHAAVGAVWWVWPWA
ACP_101,VMKGFLFAGKRTVKRGRKRAAAAWGWVPGR
ACP_102,SLKKIALKLAELIRKCWAAVGFGAGAAAWG
ACP_103,GPWEKALVKFLKNWRAAAGAGARVGAGAGA
ACP_104,RLFDILSKLAKKARAAAAAVGAWAGAAAAR
ACP_105,KFAALHKIPDCLMKKIAHAAAAGWWWVAWS
ACP_106,AIFRKKLKKLQKNAAVLKGAAALVPVRAGR
ACP_107,KAWGPFGRFFGKPAFKRNKALQFGGPGPGR
ACP_108,RWKRLWLGQRLLAKRCLPAAGAGVWWVAWC
ACP_109,KWKWHRRIPKTGAAAVAAAVGAGGGAAAAR
ACP_110,DWVKMIGRLKHLMKKYPAAVGAGVGAAAAS
ACP_111,RYWVRVIRRIIKRILAAAAVRGGAGWGVWR
ACP_112,RYRRPLRRFMKRPPWGWAAAWAWAGVGAGR
ACP_113,KYIIFRVMRKLQKRIKKLVKKVAAGEGPWR
ACP_114,FKIFRKTLKGLLDSFAAAAVWAGAGAGAAG
ACP_115,AKEFKTTFRPFVKKKAAAAVHVGWGAAAWR
ACP_116,CKWLRASWTFIIHLKDKAAAAAAAWWGAWS
ACP_117,RYRRRWRRRPIRPPWPVAAVAGGVGAGAWR
ACP_118,RLKKRLMKRPLKPVHKGALKGVLTNALPGP
ACP_119,FTKKFKRIAKKIDRIIGFLANEAAGWGPWE
ACP_120,RKRFPSTKRRLKKMFRDLMRSLMDKCQVGR
ACP_121,GKKKSILGFGLRKAAAAAARWGWVAAAVWR
ACP_122,GLFKKARKWLERAAAAAAGAAAWAAAAAWC
ACP_123,AFWEAIRGSLANPLKCRPAAAAGWGWGAWE
ACP_124,FKPLNNGIRKGFRKKLRAALKLRWGEGPGG
ACP_125,KAWKKSAGWIRKALRGRVRWAAAAWWVGGS
ACP_126,NLIRKVFGKMLNCMITRAKCAAAAGWGPGA
ACP_127,NSLFKKGPIKNALLKHLMAAAAAVWAGAGR
ACP_128,RPLIKKLAKALLASAAAAAVWAGWGLGAGE
ACP_129,KLRDVIRLRLLRKFHMPWAAAAGAWAGAGG
ACP_130,KKRMLKKFQRKFRAAVAAAVWAGVGAGVWS
ACP_131,RLKFTFRRLGRGLRRCYRRFNAWVWGAPGS
ACP_132,FIKVFNKKAHGGAAPKGKMSGKVINTNQNN
ACP_133,RWRWPYRWRPWRPPFYPGAVLAAVGWGAWS
ACP_134,RWRWPVRYRPLRHPWWPAAVWVGVLAAAWG
ACP_135,KHMAMKQLAFLLSKVFDCWRVVKKRRQWGR
ACP_136,DLNKILKSQKQAKHKKAAAAAAGGWWGAWR
ACP_137,RLLRKLWGEIRDALKFGGKIWAAAGAGPGC
ACP_138,KWRAFYRLTRKLWKPPKLSDILSGSPLAGP
ACP_139,GKKSKALIKNKIQKQLANKFNAAAWGGPGG
ACP_140,RRRFPANRRALFKHFIGCALSDLCWAAAGR
ACP_141,IHRIFKDKWRRGLRAAAAAVGAGVAAAAGR
ACP_142,GKGAFNKLMKAKSKRLRGRMAAAAWGGPGR
ACP_143,KAKWFKLALRITQAAVAAGAGAGVGVAAAG
ACP_144,RKRQWTQKTAGGAVKYLPAAAAWVWWWPWR
ACP_145,NFFELIKKWAATAAAAAAAAWAWVGAWAWC
ACP_146,GWRRFFRRLVTFARSFFRRAAAAAWPGVWR
ACP_147,FKFRRFARKFARKFKYDTLLFLKWGEGPGG
ACP_148,RWRAFIKVKGFPMPFFQRRWNAAVWWGPWG
ACP_149,GKKAMAKGALKKARNWAAAVWAGAGVGAGS
ACP_150,GRRFIALFRRHGFRRCHAAVGSGGWAGPWC
ACP_151,RLKRAMKLKLIKKRGAAAAVGLGVGWGAWS
ACP_152,YFPRPIKKRPLRPPYAGANAAAAWWWVPWE
ACP_153,AKWKKAATHRACGREFRRAAAAWVGLGAWS
ACP_154,KLFDLLKNVVSALAAMFRKLNAAAWGGPWL
ACP_155,KGRKRRLIRKRPLKRKAAAAGGGVGAGRGS
ACP_156,RCRKPFRRRPVRPPWPRAHVGVGAWEGAWE
ACP_157,RKKLRRAIRRLLKKIARLGLTSAAGEGPGG
ACP_158,YKAREKLRPRTAAWKKAKRLAAAVWGWAWR
ACP_159,KRWKRRMPKFRKGDRSRIVWAAAWGWGPGC
ACP_160,MLKVITWIPTKFNRLAFRRCMGAAGGGAGG
ACP_161,GKKFAATGRRRLKFRRAAAVVGGWWAGAWC
ACP_162,GRLDFLKKLARDLTKKCGDFNAAAGPGPWG
ACP_163,KLFVKLRDLVARIIKCLWAAAAGWGAVAWS
ACP_164,GKMLCKLLKKKRAAAVAAAVGAAVAVAVAR
ACP_165,FGKVFKMLGDGATCVSAAAVGAGAGAGLGG
ACP_166,KKWLKKLVKTKQVAAAAAAVWGESGAGAWD
ACP_167,RRRWPKKRRLIRRPLRRLAAAAGWWWVAGE
ACP_168,KLLGGLKNCFSAVFSHPTTAGKIPLSSRNR
ACP_169,DDLLKSVLKALSLAKTTAAAAAWAWAGAWR
ACP_170,MRKRWRWRWKRLLAKRGVAMPAAAWLWPGE
ACP_171,AFCDLIKGLAKSIEAAAAAVWAGVGAGAWE
ACP_172,RWRKIIRWRRIKAAAVAAAVGAGVGVGAGR
ACP_173,KFCLRVAGKLTSISVDHWAAAAAGGLPAWC
ACP_174,KKWRWFNRWRLRPKAAPAAVWARAWAGAVR
ACP_175,GLFSKILQIAGDVGGTFKRAAAAVWPGPWC
ACP_176,ARRKIALKKFGAKRAAAAAVWAWVGAAAGR
ACP_177,GIFLSACAKAKGFCLTDGLGMAMKVGLAGG
ACP_178,IKLTGCCPRPLPPRYCRAAVVSFWWWVPGS
ACP_179,RHPIPTCFRGLHHAAAAAAAAAAVAVAAWS
ACP_180,GWIRRRRAWYRRLRRCPPAAAAGWGAGAWR
ACP_181,AAWDVIIVGMGKAKKAASKAIAAAGAGPGG
ACP_182,FSWKKILQKISRAIRDQSKVAAAAGWGPGS
ACP_183,KCPFPLKKRPLCPRLMKSARGAAAGPGPGE
ACP_184,GLKKIDQHVRKPRRGHYAAVGAWGWAWRVS
ACP_185,NRFRLLKKWQLTAAAAWAGAAAAVAVAAAR
ACP_186,RRKNFKEILRKRKAWEPAAVGAWVGVGAWR
ACP_187,AIFKLKKFMRDAGAAAAAWAAAAVAAAAWR
ACP_188,MQKLRRMVGNALSHCLFKLIKAAAWGGAGR
ACP_189,KRLAAKALLKILVRPAAAAVGWGWWAGGGR
ACP_190,RKKIKPKIKKIARWQAAAAGEVVVGAGAAS
ACP_191,CDPWPCFKFLMKAAAAAAAAAAAVAAWVVR
