LGBM,GBDT,ET,RF,XGBoost,voting_clf,stacking
0.9991521229004342,0.9722213510750399,0.9,0.91,0.99990845,0.9663535233886864,0.9959224578551054
0.9971866792431631,0.9637857833169048,0.84,0.82,0.9957379,0.944308196504618,0.9959224578551054
0.9983432578942844,0.9622157367778712,0.75,0.86,0.9965699,0.9149710432655834,0.9959224578551054
0.9999125090685235,0.9883464318655216,0.89,0.96,0.9999118,0.9632747647314187,0.9959224578551054
0.9997495318963491,0.9815434470726381,0.83,0.93,0.999866,0.943205180218298,0.9959224578551054
0.9998917681675579,0.9896725156647066,0.84,0.94,0.9999151,0.9466022970511325,0.9959224578551054
0.9911755737642762,0.7879806412429445,0.79,0.71,0.9863218,0.9224991268906434,0.9959224578551054
0.9998917681675579,0.9896725156647066,0.84,0.94,0.9999151,0.9466022970511325,0.9959224578551054
0.9993741023913573,0.9843416184139716,0.83,0.91,0.9990428,0.9428056371336364,0.9959224578551054
0.99964316360224,0.9561679754337223,0.77,0.83,0.9998287,0.9231572866177186,0.9959224578551054
0.9989781709496133,0.9440622205588594,0.84,0.8,0.99719954,0.945392568773162,0.9959224578551054
0.9988140428267086,0.9671783805371301,0.73,0.76,0.9988889,0.9092343175478169,0.9959224578551054
0.9893397222316216,0.9825160777060656,0.63,0.69,0.99806577,0.8724684973013384,0.9959224578551054
0.9846385088261408,0.9128174511800482,0.77,0.72,0.99872017,0.9177862259645079,0.9959224578551054
0.9995579816129992,0.9777911928074031,0.91,0.88,0.99969053,0.9697495047657751,0.9959224578551054
0.9931504806998189,0.8275328603713105,0.81,0.87,0.98245215,0.9285342116197883,0.9959224578551054
0.9990074653139084,0.9698717831680559,0.83,0.89,0.99972993,0.9429124655561437,0.9959224578551054
0.9991740184659061,0.9741172626313419,0.82,0.8,0.99762243,0.9389321495968201,0.9959224578551054
0.9997111705042003,0.9836177740178832,0.85,0.94,0.999783,0.9498313833308577,0.9959224578551054
0.9725748508959199,0.8450330375213976,0.75,0.68,0.8603858,0.8609868754873403,0.9959224578551054
0.9708239042602814,0.8853534075649659,0.83,0.86,0.99450976,0.9317778869417919,0.9959224578551054
0.9994428117323504,0.9845691623598606,0.91,0.91,0.999321,0.9695879318730231,0.9959224578551054
0.9997414583992003,0.9850254426507337,0.88,0.92,0.9994184,0.9597199454251606,0.9959224578551054
0.9995145975092303,0.9558995035271097,0.8,0.92,0.99738556,0.9323000529918158,0.9959224578551054
0.9701937536487648,0.7902122836065413,0.83,0.65,0.98503035,0.9284080355726901,0.9959224578551054
0.9993548430940433,0.9746145268737085,0.81,0.86,0.9972517,0.9355355108426983,0.9959224578551054
0.9996241326490629,0.9782555626707315,0.64,0.79,0.9996755,0.8797665483209686,0.9959224578551054
0.9985190716041434,0.9462825376494667,0.82,0.81,0.9997693,0.9394294473414059,0.9959224578551054
0.14450195005423555,0.5683917401925256,0.74,0.71,0.70371187,0.5294046057955647,0.8659073658210803
0.9995890550009486,0.9775127453030154,0.84,0.88,0.99970055,0.9464298670885323,0.9959224578551054
0.9902226871895063,0.9176972809869405,0.7,0.77,0.97879213,0.8896716060455399,0.9959224578551054
0.9958333548673364,0.94617665173981,0.75,0.85,0.9927555,0.9128629425091338,0.9959224578551054
0.9936504149399003,0.9558425610841287,0.73,0.73,0.9988778,0.907509412764238,0.9959224578551054
0.9988846079530115,0.9199427936147484,0.89,0.95,0.9929709,0.9606184972664314,0.9959224578551054
0.9985634858132778,0.9385415671166205,0.88,0.91,0.99889815,0.9591538781166533,0.9959224578551054
0.9989933752667658,0.9769016629882531,0.83,0.93,0.99886787,0.9426204148813007,0.9959224578551054
0.9977462270237365,0.9307095417865308,0.78,0.88,0.99622667,0.9246576317938618,0.9959224578551054
0.9998538929273997,0.9679758047315683,0.78,0.82,0.9979328,0.9259288948790999,0.9959224578551054
0.9955884958649466,0.9656017621770842,0.7,0.78,0.9964443,0.8973442602602901,0.9959224578551054
0.9932981160799128,0.9549444167810806,0.59,0.57,0.9353262,0.8395414448949848,0.9959224578551054
0.9981400401611626,0.95099441049324,0.69,0.71,0.9995499,0.8958966551628212,0.9959224578551054
0.9981529789668424,0.9403484510181198,0.76,0.65,0.9963574,0.9181701201035614,0.9959224578551054
0.9989593663640016,0.9561305104486342,0.7,0.87,0.9995983,0.8995192302209535,0.9959224578551054
0.9967546368357564,0.9484833181701671,0.75,0.83,0.9975278,0.9147608049948025,0.9959224578551054
0.9401899700494032,0.7679332532075159,0.73,0.72,0.9744776,0.8815558530599349,0.9959224578551054
0.9993465666411513,0.9372436984328597,0.85,0.88,0.9985876,0.949311391659518,0.9959224578551054
0.9997300516899879,0.9797254111854017,0.71,0.74,0.9989225,0.9028841928421277,0.9959224578551054
0.9996514706389505,0.9714053438593263,0.75,0.91,0.99985623,0.9165025680785841,0.9959224578551054
0.9993872042956955,0.9626719668228791,0.85,0.82,0.99827886,0.9492220201910538,0.9959224578551054
0.995262101982891,0.9537616557286884,0.68,0.74,0.99894243,0.8914015122568805,0.9959224578551054
0.9994630334807986,0.9779832698960492,0.91,0.94,0.99951243,0.9696584891621787,0.9959224578551054
0.9985711417424974,0.9663135954543284,0.95,0.88,0.9983347,0.9823019491907058,0.9959224578551054
0.9885830741063518,0.8888075611799772,0.51,0.67,0.9923366,0.8303065484409783,0.9959224578551054
0.9742408123330614,0.8746522848370774,0.75,0.73,0.98615855,0.9034664540395584,0.9959224578551054
0.7739631406220246,0.8391161762506743,0.64,0.54,0.947178,0.7870470489314018,0.9959224578551054
0.9986969499638129,0.9568454874963698,0.83,0.89,0.99827766,0.9423248713827944,0.9959224578551054
0.9965317375305933,0.9408732060805922,0.9,0.84,0.9907041,0.9624119522453561,0.9959224578551054
0.9960980915480483,0.9544481344648099,0.67,0.76,0.9984275,0.8881752006031945,0.9959224578551054
0.9693662553616356,0.9313151799314305,0.67,0.71,0.9712118,0.870192682133383,0.9959224578551054
0.9732758956800909,0.8966768085315161,0.51,0.74,0.99587727,0.8263843872034222,0.9959224578551054
0.9977555442501073,0.9514266619478949,0.74,0.65,0.9970193,0.9115916117247265,0.9959224578551054
0.9403954776000079,0.8417432797021561,0.68,0.69,0.94798154,0.8561256713294684,0.9959224578551054
0.9928628886931126,0.9603999985143115,0.74,0.73,0.9972439,0.9100355899728996,0.9959224578551054
0.9996527979547808,0.970252163846741,0.86,0.88,0.9999106,0.9531877969958725,0.9959224578551054
0.9945625663786668,0.9073592321942818,0.85,0.85,0.9812057,0.94192275606889,0.9959224578551054
0.9944011957858079,0.9292650123967073,0.66,0.77,0.99842405,0.8842750829926489,0.9959224578551054
0.9982559682098314,0.819620094581023,0.81,0.76,0.9876059,0.9319539658615087,0.9959224578551054
0.8985052819620611,0.5566599484996418,0.67,0.65,0.96787184,0.8454590422435283,0.9959224578551054
0.9995395947630106,0.966129633190379,0.81,0.88,0.998793,0.9361108669021029,0.9959224578551054
0.9979475855965849,0.954486859899246,0.74,0.75,0.9962924,0.9114133326258737,0.9959224578551054
0.9970612564768464,0.9429178697094679,0.81,0.87,0.99909365,0.9353849694161306,0.9959224578551054
0.8454341793792902,0.6269990817955869,0.54,0.66,0.90465987,0.7633646822219907,0.9959224578551054
0.9675394138216605,0.6670152792888617,0.71,0.69,0.6604608,0.7793334145188209,0.9959224578551054
0.9679940240662868,0.40122019589965224,0.5,0.58,0.99561715,0.8212037251088876,0.9379324160359819
0.9614758671101108,0.832288647243221,0.65,0.7,0.9865645,0.8660134613770967,0.9959224578551054
0.41668529904788537,0.6001596373867583,0.56,0.59,0.7673322,0.581339165094514,0.8659073658210803
0.9956562627435412,0.9562391129248576,0.72,0.82,0.9978064,0.9044875443339575,0.9959224578551054
0.9925410106071387,0.9700176875897987,0.74,0.78,0.998835,0.9104586792750012,0.9959224578551054
0.6009238918052697,0.540121191578372,0.74,0.51,0.4754648,0.6054628942882546,0.8659073658210803
0.9984574994829521,0.9602562913192534,0.76,0.76,0.98928064,0.9159127135206337,0.9959224578551054
0.9193515829357705,0.8168021400016796,0.82,0.74,0.8520353,0.8637956223260429,0.9959224578551054
0.952778901320423,0.5044099860106568,0.62,0.55,0.9767205,0.8498331377445743,0.9959224578551054
0.9530884825438131,0.8682045237458688,0.58,0.59,0.99469614,0.8425948742777066,0.9959224578551054
0.6124066356348798,0.6061531748174961,0.74,0.57,0.86334467,0.7385837683256403,0.9959224578551054
0.997482322496927,0.9080923079608486,0.55,0.73,0.99848795,0.8486567572894216,0.9959224578551054
0.9899571533077574,0.7014009418535482,0.76,0.76,0.87307084,0.8743426631249857,0.9959224578551054
0.7357175238900729,0.3906926137197727,0.57,0.65,0.99362755,0.7664483573692821,0.9379324160359819
0.1834234598718611,0.4783713675176506,0.68,0.67,0.3856781,0.41636719079290924,0.010452549156887283
0.9968921160213031,0.8831016582348143,0.69,0.68,0.997985,0.8949590404666754,0.9959224578551054
0.8488163919287589,0.4476266448409575,0.57,0.52,0.82510847,0.7479749534871071,0.9379324160359819
0.9937922733335082,0.9037705255843766,0.79,0.78,0.9861465,0.9233129276602926,0.9959224578551054
0.8278896236183221,0.6374478028998605,0.58,0.58,0.4569263,0.6216053032796243,0.8659073658210803
0.9679746858708028,0.8158032543041939,0.59,0.71,0.97873926,0.8455713158326666,0.9959224578551054
0.9338716248186167,0.5661647943691112,0.67,0.66,0.90653294,0.8368015226891218,0.9959224578551054
0.9990412267086144,0.9807206830375939,0.86,0.9,0.9998105,0.9529505811809577,0.9959224578551054
0.8380807018655001,0.6445792757831291,0.63,0.61,0.86419004,0.7774235812947968,0.9959224578551054
0.5329915920140671,0.6796683845359462,0.43,0.41,0.18429762,0.3824297377547399,0.8659073658210803
0.9985164302791969,0.948325186212532,0.71,0.74,0.99896514,0.9024938581455354,0.9959224578551054
0.9978052523995631,0.9198023726894116,0.72,0.78,0.9837699,0.9005250486819344,0.9959224578551054
0.25753692465252903,0.4949924386752657,0.6,0.49,0.29125333,0.3829300843252978,0.010452549156887283
0.9980925085738117,0.9614764441097068,0.89,0.86,0.9969223,0.9616716075802781,0.9959224578551054
0.9842720488018063,0.9656194413507968,0.66,0.6,0.9952264,0.879832810670345,0.9959224578551054
0.9755713834356424,0.8228794042879737,0.7,0.64,0.98026043,0.8852772717340508,0.9959224578551054
0.9694342023377747,0.9569397221940211,0.61,0.63,0.9586269,0.8460203760943522,0.9959224578551054
0.9915305477627004,0.9790451723534196,0.56,0.66,0.99554354,0.8490246957622597,0.9959224578551054
0.9995037285757681,0.9792309072018534,0.85,0.92,0.9999361,0.9498132774655229,0.9959224578551054
0.9963593951405647,0.9752135559028124,0.75,0.85,0.99638736,0.9142489192069094,0.9959224578551054
0.9604421127250832,0.8889239355882457,0.75,0.69,0.91969764,0.8767132516838126,0.9959224578551054
0.8244752356182549,0.6565586556877926,0.63,0.74,0.7776868,0.7440540034496457,0.9959224578551054
0.1332338003411107,0.22143822422534512,0.56,0.58,0.61931384,0.4375158788129427,0.2854728849659851
0.9983397817284143,0.9096353087930197,0.89,0.9,0.99859124,0.9623103419830494,0.9959224578551054
0.9988493142779696,0.9434097344987945,0.8,0.84,0.9234609,0.9074367383538361,0.9959224578551054
0.9994249339737333,0.9523282407549417,0.76,0.83,0.9994754,0.9196334511650216,0.9959224578551054
0.8157069215435907,0.4841182648213491,0.42,0.47,0.7855222,0.6737430480208372,0.9379324160359819
0.9989528027388381,0.9471693033689953,0.8,0.77,0.9961027,0.9316851644785181,0.9959224578551054
0.8887752102578578,0.7609853927301419,0.46,0.5,0.9437216,0.7641656008947192,0.9959224578551054
0.9541827112256307,0.7672588628608592,0.67,0.79,0.7611013,0.7950946722368007,0.9959224578551054
0.9163360829256753,0.9192883558759147,0.67,0.8,0.99637043,0.8609021725622409,0.9959224578551054
0.9794356314105986,0.6857934981852261,0.48,0.63,0.96809846,0.8091780310128529,0.9959224578551054
0.938315005474817,0.8988746440949353,0.65,0.7,0.8915476,0.8266208752570984,0.9959224578551054
0.9986016743651227,0.9437302812094059,0.91,0.87,0.99305725,0.9672196417805617,0.9959224578551054
0.9544120177022947,0.8101788297156466,0.58,0.62,0.99360764,0.8426732193229044,0.9959224578551054
0.4247401781823056,0.3577167733590025,0.47,0.46,0.5705401,0.4884267495720193,0.2854728849659851
0.9974693554223182,0.949421093759196,0.68,0.81,0.99936336,0.8922775727371576,0.9959224578551054
0.9951722754652677,0.9235840947996454,0.79,0.88,0.99758625,0.9275861752568145,0.9959224578551054
0.7561159415014641,0.8431338014158464,0.72,0.63,0.955617,0.8105776506982928,0.9959224578551054
0.9981849788190325,0.9693237603459759,0.76,0.82,0.99730957,0.918498181454387,0.9959224578551054
0.8615303369211308,0.7257053235505764,0.6,0.49,0.5777154,0.6797485779340781,0.9959224578551054
0.8881047263708258,0.9066716893061253,0.57,0.51,0.93034756,0.7961507627356895,0.9959224578551054
0.9928960999645375,0.77280443214862,0.74,0.74,0.99588627,0.9095941220653581,0.9959224578551054
0.9977744112872864,0.9480068972201721,0.81,0.78,0.99806994,0.9352814510949381,0.9959224578551054
0.23944938800929538,0.42136980319135386,0.7,0.61,0.4349825,0.4581439654767465,0.010452549156887283
0.6975511311194299,0.5219268274219193,0.7,0.57,0.5925424,0.6633645136720935,0.9959224578551054
0.45688117971537806,0.39788063721317257,0.57,0.59,0.29528743,0.4407228700005952,0.010452549156887283
0.9944859354263543,0.8667760852546784,0.66,0.79,0.9934409,0.882642287167112,0.9959224578551054
0.9985613393822824,0.9423027303939125,0.73,0.75,0.9970771,0.9085461489372623,0.9959224578551054
0.851891509735822,0.8560437090855544,0.61,0.51,0.9644395,0.8087770070116518,0.9959224578551054
0.8253221828114755,0.7810449895135437,0.46,0.53,0.9091892,0.7315038023515466,0.9959224578551054
0.9914081974877412,0.9524240129144015,0.72,0.74,0.9996518,0.9036866623843212,0.9959224578551054
0.9811837958263259,0.8496762399400684,0.6,0.54,0.9424911,0.8412249699886276,0.9959224578551054
0.968971161345453,0.9339609416593492,0.68,0.67,0.9962936,0.8817549219064617,0.9959224578551054
0.9806436470037845,0.7630820689686548,0.79,0.89,0.9364719,0.9023718421620179,0.9959224578551054
0.5966685917794552,0.2779357674790183,0.62,0.58,0.4972171,0.5712952269057382,0.2854728849659851
0.7737378405688211,0.5255663150173137,0.69,0.59,0.77839154,0.7473764602064424,0.9959224578551054
0.5257085254947965,0.8849145896174587,0.49,0.55,0.90247375,0.6393940910750172,0.9959224578551054
0.9987154954735644,0.925658949183709,0.92,0.84,0.9957283,0.9714812697988154,0.9959224578551054
0.9930564202703844,0.8363089843588543,0.64,0.72,0.9992016,0.8774193386845394,0.9959224578551054
0.9294661538076354,0.9102077234577352,0.77,0.78,0.99373263,0.8977329283380492,0.9959224578551054
0.964184357760264,0.7841394102707318,0.69,0.7,0.99253756,0.8822406386130099,0.9959224578551054
0.9744397405910157,0.9101285177736976,0.83,0.71,0.954822,0.9197539148108053,0.9959224578551054
0.9963038468515371,0.9239688085216702,0.82,0.81,0.9943704,0.9368914159190487,0.9959224578551054
0.941043506146993,0.8463489375990089,0.58,0.59,0.9792986,0.8334473659202541,0.9959224578551054
0.9957445652012875,0.9001531393298906,0.66,0.66,0.99336606,0.8830368759474773,0.9959224578551054
0.9675179386625418,0.8781507486729051,0.49,0.54,0.9248423,0.7941200788977983,0.9959224578551054
0.9996508343434242,0.9782391315426328,0.81,0.89,0.9993845,0.9363451189271578,0.9959224578551054
0.2419502191611297,0.11247523291045575,0.52,0.47,0.16462699,0.3088590683164917,0.010452549156887283
0.9992874148592482,0.9737650487256793,0.63,0.7,0.9980453,0.8757775800461612,0.9959224578551054
0.9984527294471178,0.941997753879162,0.73,0.72,0.9980509,0.9088345525209874,0.9959224578551054
0.9922800582382629,0.8902525876465935,0.7,0.69,0.9831156,0.8917985572329346,0.9959224578551054
0.43738374302084626,0.7165290591520744,0.64,0.61,0.79851615,0.6252999657700307,0.8659073658210803
0.9940361931515725,0.8721343228647446,0.84,0.74,0.99647933,0.9435051751995415,0.9959224578551054
0.8207787088812116,0.477185187528363,0.5,0.47,0.76090527,0.6938946582297724,0.9379324160359819
0.7779308821272823,0.6108480980992912,0.51,0.47,0.5485513,0.6121607343856484,0.9959224578551054
0.9980921265240378,0.9066576104641997,0.77,0.85,0.99498343,0.9210251870670539,0.9959224578551054
0.20805463068468572,0.2834588467419402,0.35,0.43,0.70632917,0.42146126585795884,0.2854728849659851
0.9551381839903543,0.5481965968557055,0.55,0.49,0.95982516,0.8216544473698519,0.9959224578551054
0.9980288482489615,0.9622227192543567,0.75,0.71,0.99838436,0.9154710682492265,0.9959224578551054
0.6511106832536477,0.6975890707496598,0.62,0.56,0.44173864,0.570949772851746,0.8659073658210803
0.282626793397878,0.6730660965385422,0.48,0.57,0.37989795,0.3808415818258837,0.1458309735838752
0.9738858347625117,0.828829545889652,0.67,0.7,0.98472714,0.8762043263346149,0.9959224578551054
0.1121627653421406,0.35486013597147786,0.33,0.31,0.5077958,0.31665285868053455,0.2854728849659851
0.988148074187312,0.8247058998716763,0.77,0.82,0.93359005,0.8972460428997787,0.9959224578551054
0.11139745364939914,0.49677016923270995,0.4,0.38,0.3308972,0.2807648885593009,0.010452549156887283
0.9936139935558163,0.9261016854183182,0.84,0.84,0.9926911,0.9421016977331744,0.9959224578551054
0.348051278686803,0.4078042443031338,0.49,0.43,0.69432765,0.5107929770470597,0.2854728849659851
0.9982715016789941,0.9690720735706558,0.84,0.86,0.99921036,0.9458272864483366,0.9959224578551054
0.5266784501294093,0.7038031889057347,0.44,0.5,0.85673285,0.6078037651452686,0.9959224578551054
0.769820307687979,0.7146026163994602,0.56,0.58,0.9953709,0.7750637440535959,0.9959224578551054
0.08251523544972568,0.1955805430758413,0.44,0.48,0.15902989,0.2271817071920813,0.010452549156887283
0.9989436592563901,0.9637579169721696,0.83,0.83,0.9931486,0.9406974280511311,0.9959224578551054
0.9716164068113078,0.8151210490943277,0.53,0.57,0.98784864,0.8298216820998426,0.9959224578551054
0.9827857575466303,0.7235249857256619,0.54,0.62,0.99349433,0.8387600297944436,0.9959224578551054
0.9802193877024974,0.8856897498207099,0.48,0.61,0.9331697,0.7977963700865217,0.9959224578551054
0.9921250186135697,0.9469257032947429,0.67,0.75,0.9986381,0.886921037361699,0.9959224578551054
0.5871282931150397,0.6091035363157122,0.61,0.57,0.8597387,0.6856223335524864,0.9959224578551054
0.9867566178285607,0.8064462545540133,0.54,0.59,0.9911094,0.8392886630046211,0.9959224578551054
0.9629401138116561,0.9227659159587079,0.5,0.59,0.9687715,0.81057054369614,0.9959224578551054
0.9492317922961901,0.9173622619349181,0.8,0.81,0.92147934,0.8902370455547238,0.9959224578551054
0.9443529332436493,0.9351738052792604,0.75,0.78,0.98091334,0.8917554247630096,0.9959224578551054
0.8721450710832128,0.48900209076485807,0.59,0.52,0.61238223,0.6915091014086885,0.9379324160359819
0.8687874255000919,0.8205681243475026,0.54,0.61,0.6984872,0.7024248825649212,0.9959224578551054
