0,1,2,3,4,5
0.02251911163330078,0.17,0.12,0.033618755638599396,0.16,0.12
0.9247772097587585,0.71,0.4,0.6394919753074646,0.58,0.57
0.00047119861119426787,0.07,0.0,0.00164325931109488,0.07,0.04
0.2880347967147827,0.38,0.32,0.09209001809358597,0.42,0.3
0.030794521793723106,0.1,0.04,0.015367374755442142,0.07,0.08
0.0411754846572876,0.07,0.01,0.024991929531097412,0.24,0.24
0.19915352761745453,0.3,0.31,0.008676859550178051,0.24,0.25
0.003969348501414061,0.12,0.08,0.001788180903531611,0.08,0.1
0.15934620797634125,0.43,0.46,0.8216759562492371,0.58,0.57
0.0008323946967720985,0.07,0.05,0.0013696776004508138,0.1,0.13
0.7968283295631409,0.41,0.33,0.09959209710359573,0.44,0.34
0.020028676837682724,0.12,0.04,0.03325977176427841,0.16,0.05
0.19959615170955658,0.45,0.33,0.3532795310020447,0.44,0.36
0.002773192012682557,0.06,0.12,0.03167009726166725,0.24,0.12
0.004048036877065897,0.19,0.12,0.44800758361816406,0.29,0.27
0.020451821386814117,0.08,0.04,0.05752008035778999,0.19,0.06
0.010276921093463898,0.03,0.04,0.008529949933290482,0.05,0.02
0.004100659396499395,0.08,0.08,0.0025172363966703415,0.19,0.1
0.00014708269736729562,0.0,0.01,0.0002308526891283691,0.02,0.0
5.642373798764311e-05,0.0,0.01,0.0012784121790900826,0.02,0.01
0.0003889950457960367,0.03,0.04,0.000560820335522294,0.02,0.05
0.03904273733496666,0.05,0.05,0.009610872715711594,0.12,0.17
0.033228494226932526,0.24,0.08,0.008273996412754059,0.11,0.03
0.013081517070531845,0.12,0.13,0.0008305869996547699,0.13,0.11
0.0015891902148723602,0.05,0.07,0.020161589607596397,0.18,0.11
0.0011785362148657441,0.07,0.17,0.014053111895918846,0.06,0.15
0.0025344023015350103,0.02,0.01,0.00044506651465781033,0.02,0.0
0.0007113089668564498,0.12,0.11,0.002126681851223111,0.22,0.08
0.0688127800822258,0.3,0.12,0.6610546708106995,0.38,0.31
0.016577553004026413,0.11,0.1,0.0970112681388855,0.39,0.25
0.00031571369618177414,0.03,0.08,0.0008818153291940689,0.06,0.04
0.0008375063771381974,0.09,0.06,0.008823285810649395,0.17,0.15
0.0018899936694651842,0.17,0.07,0.0046598161570727825,0.12,0.07
0.0030142785981297493,0.08,0.06,0.011564251966774464,0.11,0.01
0.062280621379613876,0.3,0.26,0.026504158973693848,0.27,0.21
0.0002623248437885195,0.01,0.0,0.00012696250632870942,0.07,0.05
0.6145724058151245,0.26,0.39,0.5965033173561096,0.24,0.25
0.0002318430779268965,0.01,0.01,0.00020206913177389652,0.01,0.0
0.0016263501020148396,0.01,0.06,0.003481157124042511,0.06,0.09
3.948289304389618e-05,0.0,0.02,0.0012158006429672241,0.01,0.09
0.004945734981447458,0.1,0.06,0.005326596088707447,0.28,0.22
0.0018685945542529225,0.16,0.12,0.000536749663297087,0.15,0.21
0.42093250155448914,0.48,0.35,0.32782894372940063,0.35,0.35
0.0001788752560969442,0.0,0.0,0.00043930718675255775,0.02,0.02
0.7267714142799377,0.45,0.36,0.40444669127464294,0.32,0.23
0.011834525503218174,0.14,0.2,0.06253629922866821,0.4,0.35
0.06209369748830795,0.22,0.09,0.007585302926599979,0.16,0.14
0.006362331565469503,0.06,0.03,0.0009668777347542346,0.01,0.02
8.816703484626487e-05,0.05,0.02,0.0011977878166362643,0.08,0.01
0.0008206027559936047,0.0,0.0,0.0003291539615020156,0.0,0.0
0.0009443950257264078,0.03,0.03,0.0004904853412881494,0.01,0.01
0.000608725065831095,0.11,0.09,0.001687438110820949,0.11,0.1
0.6687027215957642,0.52,0.42,0.10533306002616882,0.51,0.44
0.0075524719431996346,0.09,0.08,0.08770395070314407,0.23,0.23
0.00017571674834471196,0.02,0.01,0.0008834371692501009,0.03,0.02
0.019923023879528046,0.22,0.13,0.009954730048775673,0.12,0.1
0.010284354910254478,0.11,0.15,0.0334492027759552,0.17,0.16
0.03657545521855354,0.17,0.14,0.3117530643939972,0.19,0.22
0.00019246868032496423,0.0,0.0,0.002728126710280776,0.0,0.05
0.996034562587738,0.72,0.58,0.9063451886177063,0.62,0.34
0.0004630458715837449,0.02,0.07,0.0003255894407629967,0.15,0.07
0.00819164328277111,0.11,0.14,0.000850160897243768,0.07,0.08
0.00947794783860445,0.24,0.15,0.029958952218294144,0.26,0.15
0.12431296706199646,0.47,0.45,0.10600529611110687,0.47,0.44
0.0027634361758828163,0.14,0.22,0.006459467578679323,0.24,0.21
0.1540137380361557,0.24,0.22,0.02482854761183262,0.11,0.23
0.001035649562254548,0.07,0.24,0.003553177462890744,0.04,0.04
0.003294045338407159,0.09,0.1,0.0010268784826621413,0.14,0.16
0.010137634351849556,0.1,0.14,0.0016613526968285441,0.2,0.19
0.008153506554663181,0.14,0.13,0.010824604891240597,0.13,0.12
0.006026660092175007,0.09,0.15,0.01952289417386055,0.28,0.2
0.3112186789512634,0.57,0.52,0.031165190041065216,0.38,0.24
0.052003126591444016,0.14,0.07,0.0029863861855119467,0.05,0.1
0.0028650653548538685,0.06,0.02,0.005456122104078531,0.28,0.29
0.01273644994944334,0.06,0.0,0.016419904306530952,0.11,0.04
0.00028587912674993277,0.03,0.09,0.0020486251451075077,0.1,0.02
0.3068239986896515,0.4,0.37,0.04720195382833481,0.38,0.33
6.928668881300837e-05,0.0,0.02,0.0004975856863893569,0.02,0.01
0.020095953717827797,0.19,0.26,0.0021110123489052057,0.26,0.16
0.05846459046006203,0.08,0.1,0.18460017442703247,0.08,0.12
0.3553149104118347,0.31,0.11,0.017199907451868057,0.23,0.33
0.00037670432357117534,0.01,0.0,0.00018535295384936035,0.01,0.01
0.1331840306520462,0.26,0.36,0.0668647438287735,0.27,0.27
0.0004917938495054841,0.01,0.0,0.000375861709471792,0.01,0.0
0.10972637683153152,0.2,0.22,0.013191289268434048,0.31,0.21
0.0019516290631145239,0.06,0.06,0.0006313183694146574,0.02,0.04
0.0009178878972306848,0.11,0.14,0.005797379184514284,0.35,0.23
0.0024939030408859253,0.15,0.15,0.004763082135468721,0.21,0.24
0.01387141551822424,0.27,0.18,0.4302523732185364,0.32,0.28
0.7404637932777405,0.66,0.45,0.09745702892541885,0.36,0.29
0.11736106127500534,0.3,0.3,0.16535796225070953,0.28,0.27
0.0019970349967479706,0.1,0.0,0.0007848921814002097,0.13,0.05
5.120766945765354e-05,0.0,0.03,0.0005889250314794481,0.0,0.02
0.00010163604019908234,0.03,0.03,0.00014335018931888044,0.02,0.06
0.29228994250297546,0.55,0.22,0.017121076583862305,0.2,0.14
0.00036743871169164777,0.0,0.01,0.00027334693004377186,0.01,0.0
0.004923183470964432,0.14,0.13,0.04365133121609688,0.16,0.15
0.00015660471399314702,0.0,0.0,0.0003120560140814632,0.01,0.01
0.9151942133903503,0.43,0.36,0.2944009304046631,0.31,0.28
0.0002668516244739294,0.2,0.15,0.0018078130669891834,0.19,0.25
0.0033812641631811857,0.11,0.08,0.005596998613327742,0.15,0.05
0.04739398881793022,0.21,0.06,0.047100428491830826,0.31,0.08
7.02404067851603e-05,0.0,0.02,0.00017750395636539906,0.0,0.0
0.8423236608505249,0.55,0.52,0.8897019028663635,0.55,0.54
0.005731740966439247,0.23,0.09,0.004702847450971603,0.22,0.13
0.006307564675807953,0.08,0.04,0.010917100124061108,0.23,0.11
0.014573639258742332,0.11,0.12,0.24600444734096527,0.39,0.53
0.02430897019803524,0.05,0.13,0.046733029186725616,0.23,0.25
0.008361746557056904,0.18,0.23,0.002636292716488242,0.19,0.13
0.001224874285981059,0.02,0.0,0.0011887085856869817,0.03,0.01
0.0022451612167060375,0.01,0.02,0.0009304734412580729,0.07,0.03
0.01708133891224861,0.14,0.15,0.027381962165236473,0.19,0.19
0.0005757942562922835,0.06,0.08,0.00603021215647459,0.15,0.13
0.010867699980735779,0.06,0.15,0.003260259283706546,0.05,0.06
0.0024243537336587906,0.22,0.07,0.005841292440891266,0.17,0.07
0.03235745429992676,0.22,0.25,0.056571464985609055,0.34,0.32
0.007290402427315712,0.1,0.06,0.007506789639592171,0.09,0.07
0.0007581634563393891,0.05,0.04,0.0001655225205468014,0.02,0.06
0.047934889793395996,0.16,0.24,0.011772033758461475,0.11,0.1
0.00010682999709388241,0.02,0.0,0.0006591561832465231,0.04,0.01
0.025789937004446983,0.18,0.25,0.014424053952097893,0.25,0.12
0.587945818901062,0.59,0.35,0.009124408476054668,0.49,0.48
0.9887845516204834,0.85,0.63,0.8624301552772522,0.75,0.58
0.06953802704811096,0.23,0.31,0.0332624614238739,0.27,0.18
0.22235547006130219,0.24,0.14,0.05758962035179138,0.2,0.16
0.0754203051328659,0.37,0.31,0.1455588936805725,0.42,0.28
0.0025565761607140303,0.04,0.03,0.009425625205039978,0.12,0.11
0.002843431429937482,0.08,0.11,0.004139387980103493,0.39,0.44
0.003971092868596315,0.02,0.02,0.008101807907223701,0.02,0.04
0.004804608412086964,0.21,0.35,0.024581067264080048,0.22,0.18
0.21891912817955017,0.22,0.05,0.10040759295225143,0.27,0.23
0.03691167011857033,0.08,0.07,0.062271811068058014,0.1,0.06
0.000781655078753829,0.0,0.01,0.00029055005870759487,0.0,0.01
0.008213111199438572,0.09,0.14,0.015835443511605263,0.17,0.1
0.0010478926124051213,0.02,0.02,0.006390491500496864,0.07,0.01
0.00830336194485426,0.08,0.1,0.0005640193121507764,0.07,0.11
0.0041764709167182446,0.41,0.33,0.005638974718749523,0.38,0.24
0.053418733179569244,0.17,0.15,0.046855051070451736,0.29,0.27
0.5653951168060303,0.28,0.13,0.8644943833351135,0.65,0.56
9.920881711877882e-05,0.0,0.01,0.00014785975508857518,0.0,0.0
0.07374276965856552,0.13,0.16,0.18239116668701172,0.12,0.22
0.002965844701975584,0.22,0.21,0.003883104072883725,0.13,0.13
0.031404078006744385,0.17,0.2,0.029183626174926758,0.14,0.24
0.03483179211616516,0.13,0.15,0.010978049598634243,0.05,0.08
0.027607988566160202,0.11,0.07,0.011514279991388321,0.1,0.04
0.045663949102163315,0.09,0.11,0.032984647899866104,0.38,0.24
0.0003447859489824623,0.0,0.0,0.0004069342976436019,0.0,0.01
0.516071081161499,0.45,0.47,0.7900240421295166,0.63,0.32
0.02647189423441887,0.06,0.1,0.05416092649102211,0.27,0.26
0.00623287120833993,0.23,0.2,0.04301225021481514,0.32,0.31
0.0067519862204790115,0.05,0.04,0.0018898992566391826,0.08,0.09
0.00018136206199415028,0.01,0.02,0.00047389927203767,0.04,0.02
0.014255530200898647,0.1,0.04,0.0076897903345525265,0.13,0.01
0.011187062598764896,0.32,0.12,0.023576099425554276,0.36,0.2
0.0005672819097526371,0.03,0.03,0.00026808585971593857,0.11,0.15
0.8756403923034668,0.51,0.42,0.1501590758562088,0.36,0.24
0.02555195614695549,0.14,0.27,0.15297994017601013,0.28,0.2
0.12826623022556305,0.23,0.07,0.32208558917045593,0.23,0.17
0.0010791529202833772,0.01,0.01,0.003874303074553609,0.04,0.02
0.0004357050929684192,0.01,0.01,0.0018493738025426865,0.12,0.15
0.00013310588838066906,0.01,0.02,0.00022324727615341544,0.02,0.02
0.0005769424024038017,0.02,0.07,0.000404731254093349,0.03,0.05
0.004274206701666117,0.26,0.06,0.008498946204781532,0.36,0.29
0.9137053489685059,0.75,0.47,0.75372713804245,0.6,0.56
0.007320890203118324,0.04,0.08,0.014988240785896778,0.1,0.09
0.07840019464492798,0.22,0.21,0.054346997290849686,0.28,0.3
0.0010631522163748741,0.07,0.09,0.004089038819074631,0.09,0.15
0.0004934064927510917,0.0,0.0,0.003080521710216999,0.14,0.02
3.173868390149437e-05,0.0,0.0,0.00026052899193018675,0.01,0.0
0.9900467991828918,0.7,0.58,0.9890226125717163,0.88,0.7
0.009737787768244743,0.15,0.1,0.004634086508303881,0.29,0.26
0.01382929552346468,0.07,0.04,0.003911117557436228,0.09,0.13
0.00018542153702583164,0.01,0.03,0.0005714377039112151,0.07,0.09
0.0023405365645885468,0.04,0.04,0.0005983239971101284,0.05,0.06
0.6904712319374084,0.59,0.46,0.29228973388671875,0.46,0.49
0.01709345541894436,0.09,0.15,0.006814979482442141,0.07,0.13
0.02552938275039196,0.1,0.1,0.00591748021543026,0.25,0.24
0.013749483972787857,0.1,0.21,0.008548703044652939,0.19,0.14
0.0006351355696097016,0.02,0.04,0.005435296334326267,0.04,0.07
0.00010803605982800946,0.06,0.01,0.0005356888868845999,0.05,0.07
0.04235658049583435,0.17,0.12,0.0024730018340051174,0.33,0.31
0.0016056379536166787,0.18,0.11,0.0042076148092746735,0.23,0.21
0.03937629982829094,0.35,0.27,0.06343458592891693,0.45,0.45
0.006286112125962973,0.06,0.1,0.017381511628627777,0.15,0.14
0.003133938880637288,0.12,0.11,0.01825840026140213,0.21,0.08
0.7171353101730347,0.45,0.35,0.42335471510887146,0.36,0.26
0.00014545521116815507,0.0,0.0,0.00030532971140928566,0.01,0.04
0.0001576933282194659,0.0,0.0,0.00036297825863584876,0.04,0.02
0.00246732821688056,0.02,0.02,0.0040403506718575954,0.02,0.04
0.25698918104171753,0.29,0.29,0.02149953320622444,0.25,0.31
0.03006036952137947,0.15,0.2,0.018691854551434517,0.29,0.24
0.0012539445888251066,0.15,0.08,0.00024498143466189504,0.04,0.05
0.0005920130060985684,0.04,0.02,0.00036754467873834074,0.02,0.02
0.06367819756269455,0.24,0.33,0.0017532568890601397,0.1,0.13
0.012250111438333988,0.14,0.07,0.007021151017397642,0.15,0.07
0.00024225894594565034,0.05,0.01,0.0021114100236445665,0.11,0.19
0.007666472811251879,0.08,0.06,0.001622326672077179,0.16,0.17
0.03653094917535782,0.11,0.14,0.001618871814571321,0.27,0.26
0.01640680991113186,0.21,0.16,0.015887867659330368,0.39,0.21
0.00019624737615231425,0.03,0.05,0.0011606053449213505,0.08,0.07
0.0001369514357065782,0.0,0.01,0.0005203994223847985,0.03,0.06
0.001474493881687522,0.03,0.01,0.005306765902787447,0.05,0.13
0.925836980342865,0.63,0.47,0.39214783906936646,0.56,0.51
0.041007764637470245,0.24,0.16,0.07171221822500229,0.14,0.14
0.002528079552575946,0.06,0.06,0.002507782308384776,0.06,0.17
0.0017777981702238321,0.07,0.05,0.006733530666679144,0.22,0.12
0.01588531956076622,0.1,0.08,0.008703062310814857,0.21,0.17
0.0009761591791175306,0.07,0.05,0.004299933090806007,0.04,0.04
0.046103671193122864,0.3,0.28,0.19282232224941254,0.33,0.21
0.012225061655044556,0.09,0.05,0.017178360372781754,0.21,0.17
0.01103815995156765,0.16,0.03,0.19238246977329254,0.21,0.17
0.0001780263555701822,0.0,0.0,0.00015945269842632115,0.01,0.0
0.011718716472387314,0.19,0.14,0.023802107200026512,0.29,0.23
0.38351330161094666,0.4,0.24,0.5653415322303772,0.47,0.45
0.01359475962817669,0.2,0.18,0.01312695350497961,0.1,0.11
0.0012262844247743487,0.04,0.01,0.0004110389272682369,0.11,0.03
0.018962835893034935,0.11,0.08,0.01665782928466797,0.14,0.19
0.007401325739920139,0.02,0.0,0.0022298619151115417,0.08,0.02
0.00015517504652962089,0.0,0.0,0.0001134772683144547,0.0,0.01
0.0005539007252082229,0.01,0.1,0.0015144150238484144,0.1,0.07
0.9676222801208496,0.54,0.55,0.9288346767425537,0.63,0.64
0.010805418714880943,0.1,0.04,0.007582837715744972,0.16,0.1
0.6134732961654663,0.51,0.24,0.2981337904930115,0.61,0.61
0.00012461794540286064,0.02,0.01,0.028458543121814728,0.08,0.06
0.8865177631378174,0.42,0.25,0.569369375705719,0.24,0.25
0.010897998698055744,0.16,0.22,0.0047399080358445644,0.14,0.26
0.007104597054421902,0.43,0.34,0.4929259419441223,0.5,0.47
0.0003389177145436406,0.05,0.02,0.0036474214866757393,0.11,0.04
0.0035055652260780334,0.02,0.0,0.00043778549297712743,0.01,0.0
0.6391876339912415,0.34,0.25,0.7903907895088196,0.42,0.41
0.00410481309518218,0.13,0.13,0.1712876707315445,0.36,0.36
0.017868023365736008,0.15,0.12,0.0016812977846711874,0.12,0.21
0.09325806796550751,0.16,0.12,0.004113799426704645,0.2,0.18
0.017053859308362007,0.41,0.43,0.8161554932594299,0.48,0.45
0.00306497560814023,0.02,0.01,0.00030405621509999037,0.0,0.0
0.026106450706720352,0.45,0.56,0.04003671929240227,0.23,0.18
0.0024445075541734695,0.05,0.0,0.0021257398184388876,0.05,0.06
0.003860569791868329,0.07,0.07,0.0012793983332812786,0.08,0.1
0.008963574655354023,0.21,0.27,0.44727176427841187,0.24,0.32
0.004318616818636656,0.03,0.0,0.0006389569025486708,0.07,0.02
0.05924525856971741,0.2,0.26,0.025741687044501305,0.12,0.17
0.00014497984375339001,0.01,0.0,0.0011059726821258664,0.02,0.04
0.2378668338060379,0.38,0.37,0.7178373336791992,0.38,0.27
0.0002547327894717455,0.05,0.04,0.05657200515270233,0.09,0.07
0.000634470023214817,0.03,0.06,0.0013965492835268378,0.05,0.02
0.0067347013391554356,0.22,0.18,0.00549837201833725,0.25,0.22
0.46369922161102295,0.8,0.54,0.7995414137840271,0.75,0.6
0.021534370258450508,0.13,0.08,0.0105624720454216,0.35,0.22
0.004162621684372425,0.03,0.01,0.0006835727253928781,0.03,0.03
0.13196824491024017,0.34,0.22,0.17097625136375427,0.51,0.46
0.001578200375661254,0.03,0.03,0.00013254252553451806,0.03,0.01
0.0050638094544410706,0.13,0.06,0.01261334028095007,0.15,0.12
0.002317870268598199,0.04,0.01,0.010392663069069386,0.06,0.06
0.24156156182289124,0.25,0.26,0.18165743350982666,0.39,0.47
0.008138850331306458,0.1,0.07,0.0006921968888491392,0.11,0.17
0.0003494525735732168,0.01,0.0,0.001132841920480132,0.02,0.0
0.5567033290863037,0.36,0.25,0.3259458541870117,0.37,0.36
0.05880765616893768,0.11,0.03,0.7035952210426331,0.35,0.4
0.0802961215376854,0.31,0.26,0.22359098494052887,0.3,0.31
0.014653310179710388,0.19,0.21,0.030623165890574455,0.05,0.1
0.0015730051090940833,0.08,0.09,0.0072813634760677814,0.08,0.05
8.571229409426451e-05,0.0,0.05,0.00025346357142552733,0.0,0.02
0.012361218221485615,0.11,0.12,0.006848634220659733,0.07,0.22
0.0020752421114593744,0.09,0.12,0.042497940361499786,0.28,0.2
0.0007735518738627434,0.02,0.0,0.00030817321385256946,0.0,0.0
0.005332933738827705,0.21,0.23,0.02512292191386223,0.25,0.2
0.008310695178806782,0.04,0.06,0.00047703488962724805,0.02,0.06
0.5444223880767822,0.35,0.36,0.19568811357021332,0.53,0.48
0.00012628489639610052,0.01,0.01,0.0002167774800909683,0.01,0.02
0.0020392751321196556,0.0,0.0,0.0009646376711316407,0.04,0.01
0.02644236758351326,0.2,0.07,0.007039475720375776,0.24,0.12
0.010733379982411861,0.07,0.09,0.01634458266198635,0.03,0.03
0.013406332582235336,0.12,0.02,0.025340644642710686,0.12,0.11
0.0022910665720701218,0.01,0.0,0.0008926679147407413,0.15,0.04
0.0001399050233885646,0.01,0.02,0.001255919225513935,0.01,0.08
9.548181697027758e-05,0.01,0.01,0.0010875278385356069,0.03,0.06
0.4169522821903229,0.45,0.38,0.26702412962913513,0.43,0.45
0.027820806950330734,0.23,0.13,0.002418386284261942,0.08,0.09
0.0013257343089208007,0.01,0.04,0.007701672147959471,0.08,0.1
0.8028366565704346,0.47,0.46,0.5101511478424072,0.46,0.48
0.01743323728442192,0.3,0.13,0.48206058144569397,0.56,0.29
0.013030200265347958,0.11,0.08,0.00451246090233326,0.18,0.11
0.4601673185825348,0.49,0.64,0.04576621577143669,0.59,0.56
0.6219474077224731,0.66,0.41,0.819374680519104,0.62,0.55
0.04380813241004944,0.16,0.15,0.023786822333931923,0.21,0.1
0.00022219230595510453,0.07,0.05,0.004390412475913763,0.13,0.07
0.0029828089755028486,0.06,0.02,0.0012413267977535725,0.08,0.05
0.09225696325302124,0.21,0.18,0.0889551043510437,0.33,0.47
0.007338202092796564,0.28,0.19,0.003102887189015746,0.25,0.22
0.0015334156341850758,0.02,0.0,0.016651129350066185,0.18,0.06
0.0001413974678143859,0.0,0.03,0.00023238775611389428,0.03,0.01
0.7791743278503418,0.52,0.67,0.3127330243587494,0.5,0.58
0.0019909825641661882,0.05,0.02,0.001519187819212675,0.01,0.01
0.04804302006959915,0.11,0.08,0.18647442758083344,0.33,0.08
0.0069498647935688496,0.17,0.24,0.006382817402482033,0.06,0.14
0.00693151168525219,0.02,0.01,0.0019190346356481314,0.04,0.01
0.033413127064704895,0.19,0.17,0.46563705801963806,0.47,0.34
0.0009488983778283,0.02,0.09,0.0037683877162635326,0.05,0.1
0.023801762610673904,0.38,0.19,0.025327585637569427,0.27,0.24
0.0001632687490200624,0.07,0.12,0.004000289365649223,0.02,0.03
6.375498924171552e-05,0.11,0.16,0.0008292504935525358,0.24,0.27
0.16439470648765564,0.31,0.37,0.009343568235635757,0.27,0.25
0.014727063477039337,0.24,0.17,0.6056616902351379,0.4,0.42
0.004447294399142265,0.12,0.14,0.02341294288635254,0.32,0.22
0.0005301825003698468,0.0,0.04,0.00037744591827504337,0.01,0.05
0.44555673003196716,0.31,0.2,0.4212387800216675,0.2,0.27
0.00567035423591733,0.1,0.14,0.002692402806133032,0.42,0.5
0.0009165380615741014,0.02,0.01,0.00046167426626197994,0.01,0.06
0.027913903817534447,0.21,0.1,0.023067595437169075,0.31,0.17
0.018688704818487167,0.12,0.0,0.02403722144663334,0.13,0.06
0.010142478160560131,0.15,0.09,0.020698150619864464,0.26,0.19
0.0007864704821258783,0.03,0.13,0.01865227334201336,0.22,0.26
0.9986199140548706,1.0,0.99,0.9918082356452942,0.72,0.86
0.9629918932914734,0.63,0.63,0.9913173913955688,0.75,0.89
0.9981995820999146,1.0,1.0,0.996756374835968,0.98,0.98
0.19121988117694855,0.5,0.68,0.10986942797899246,0.54,0.62
0.9974753260612488,0.81,0.8,0.9993138313293457,0.7,0.83
0.991992175579071,0.91,0.96,0.9967580437660217,0.85,0.74
0.9997005462646484,0.95,0.96,0.9994943141937256,0.94,0.88
0.9968346953392029,0.87,0.99,0.7462729811668396,0.76,0.87
0.9896270036697388,0.92,0.94,0.9970731735229492,0.84,0.67
0.999660849571228,1.0,1.0,0.9997093081474304,0.92,0.97
0.9907886385917664,0.88,0.77,0.997043788433075,0.91,0.87
0.9993461966514587,1.0,0.98,0.9926866292953491,0.92,0.94
0.9916297793388367,0.92,1.0,0.9731853008270264,0.93,0.99
0.9999159574508667,1.0,1.0,0.9996047616004944,0.99,1.0
0.9979010820388794,0.99,1.0,0.9939310550689697,0.9,0.98
0.979363739490509,0.97,0.99,0.9965217113494873,0.88,0.96
0.9993108510971069,1.0,1.0,0.997565507888794,1.0,1.0
0.9997128844261169,1.0,1.0,0.9997796416282654,1.0,1.0
0.9928895235061646,1.0,1.0,0.9984018206596375,0.99,0.99
0.9995102882385254,1.0,1.0,0.9981223940849304,1.0,1.0
0.9989584684371948,1.0,0.98,0.9974017143249512,0.95,0.92
0.9890260100364685,0.95,0.96,0.9927964806556702,0.88,0.92
0.9996272325515747,1.0,0.99,0.99978107213974,1.0,1.0
0.9981995820999146,1.0,1.0,0.9937641024589539,0.97,0.99
0.9998213648796082,1.0,1.0,0.9998089671134949,1.0,1.0
0.9993526339530945,0.99,0.99,0.9996090531349182,0.98,1.0
0.9977878332138062,0.99,0.96,0.909492552280426,0.67,0.79
0.9915130734443665,0.77,0.74,0.992957592010498,0.76,0.79
0.998318076133728,0.99,0.98,0.9988225102424622,1.0,0.99
0.8759360313415527,0.49,0.2,0.15967628359794617,0.38,0.3
0.9963944554328918,0.98,1.0,0.9759422540664673,0.82,0.89
0.9925650358200073,0.85,1.0,0.9829029440879822,0.81,0.85
0.9968823194503784,0.99,1.0,0.9997005462646484,0.95,0.96
0.9378858804702759,0.82,0.94,0.9955156445503235,0.9,0.97
0.9925903081893921,0.89,0.92,0.7664010524749756,0.84,0.79
0.4157392084598541,0.38,0.27,0.24408648908138275,0.4,0.3
0.9621577858924866,0.73,0.85,0.5258066654205322,0.65,0.71
0.9994106292724609,1.0,1.0,0.9987964630126953,1.0,1.0
0.9969492554664612,0.92,0.82,0.9929735660552979,0.83,0.87
0.9998268485069275,1.0,0.95,0.9861817359924316,0.89,0.92
0.9985305070877075,0.78,0.94,0.959769606590271,0.91,0.93
0.9995385408401489,1.0,1.0,0.999836802482605,0.99,1.0
0.7125227451324463,0.52,0.55,0.13066430389881134,0.52,0.44
0.999559223651886,1.0,1.0,0.9998059868812561,0.98,1.0
0.9968823194503784,0.99,1.0,0.9991244673728943,0.89,0.87
0.9987260699272156,0.99,1.0,0.992870032787323,0.89,0.93
0.9942933320999146,0.97,1.0,0.9911153316497803,0.83,0.86
0.9991967082023621,0.99,0.98,0.9939368367195129,0.77,0.72
0.9964062571525574,0.98,1.0,0.9973652958869934,0.94,0.98
0.9995821118354797,0.95,0.99,0.9995678067207336,0.99,0.97
0.9997194409370422,0.97,1.0,0.998904824256897,1.0,1.0
0.9997894167900085,1.0,1.0,0.9998911619186401,0.98,0.99
0.9999619722366333,1.0,0.98,0.9998739957809448,0.99,0.99
0.9998613595962524,1.0,1.0,0.9997187256813049,1.0,1.0
0.9998124241828918,1.0,1.0,0.9999493360519409,1.0,1.0
0.999128520488739,1.0,1.0,0.9971666932106018,0.98,0.99
0.9759005904197693,0.65,0.47,0.813636302947998,0.43,0.49
0.9993352293968201,1.0,1.0,0.9996123909950256,0.98,0.99
0.9973933696746826,0.97,0.99,0.9995384216308594,0.99,1.0
0.9959130883216858,1.0,1.0,0.9981207251548767,0.95,1.0
0.9988960027694702,1.0,1.0,0.999816358089447,0.99,0.99
0.998884379863739,0.95,0.98,0.9988017082214355,0.81,0.83
0.9985105395317078,1.0,0.98,0.9980677962303162,0.9,0.97
0.986254096031189,0.91,1.0,0.9944660067558289,0.91,0.97
0.9927803874015808,0.8,0.91,0.8889185786247253,0.86,0.89
0.9995145797729492,1.0,1.0,0.9999216794967651,1.0,1.0
0.9997602105140686,1.0,1.0,0.9998856782913208,0.99,1.0
0.9997653365135193,1.0,1.0,0.9998161196708679,0.97,0.99
0.9990583062171936,0.97,0.98,0.9950788021087646,0.98,0.96
0.9991010427474976,1.0,1.0,0.9997199177742004,1.0,0.99
0.9391262531280518,0.64,0.7,0.7325668334960938,0.7,0.68
0.013576490804553032,0.14,0.2,0.007195950951427221,0.13,0.21
0.9817422032356262,0.79,0.69,0.995347797870636,0.89,0.94
0.9957860112190247,0.97,0.97,0.9963800311088562,0.94,0.98
0.9997209906578064,0.97,0.99,0.9995645880699158,0.98,0.98
0.8894368410110474,0.56,0.52,0.6731589436531067,0.59,0.47
0.9994296431541443,1.0,0.98,0.998340368270874,0.89,0.82
0.9972937703132629,1.0,1.0,0.9985597729682922,0.9,0.93
0.9994705319404602,0.91,0.88,0.9981312155723572,0.77,0.78
0.9996504783630371,0.99,1.0,0.9983181953430176,0.97,0.99
0.9915146827697754,0.92,0.87,0.9987138509750366,0.96,0.9
0.9784049391746521,0.67,0.77,0.9739975929260254,0.87,0.92
0.9936667084693909,0.95,0.91,0.9941856861114502,0.9,0.94
0.9884636998176575,0.87,0.89,0.9883500337600708,0.97,0.93
0.9996339082717896,1.0,1.0,0.9997598528862,1.0,1.0
0.959865391254425,0.9,0.88,0.9989230036735535,0.88,0.93
0.99169921875,1.0,1.0,0.9944573640823364,0.98,0.99
0.9952741861343384,0.99,1.0,0.9983541965484619,0.97,0.97
0.9976274371147156,0.92,0.87,0.6813886761665344,0.63,0.6
0.20464104413986206,0.46,0.77,0.470325231552124,0.55,0.55
0.99169921875,1.0,1.0,0.9944573640823364,0.98,0.99
0.9934484362602234,0.88,0.85,0.9924967288970947,0.93,0.97
0.9842805862426758,0.72,0.87,0.9705431461334229,0.63,0.82
0.9116771817207336,0.79,0.77,0.7875925302505493,0.45,0.56
0.9527642130851746,0.83,0.85,0.8361194133758545,0.72,0.63
0.98029625415802,0.79,0.9,0.9533113837242126,0.68,0.77
0.9999221563339233,0.96,0.99,0.9994646906852722,1.0,0.99
0.999369204044342,1.0,1.0,0.9997922778129578,1.0,1.0
0.9988722205162048,1.0,1.0,0.9998527765274048,1.0,1.0
0.9719176888465881,0.96,0.98,0.9996711015701294,0.99,0.98
0.9833553433418274,0.79,0.78,0.6750278472900391,0.73,0.86
0.98487788438797,0.93,0.89,0.9402972459793091,0.63,0.52
0.9821383953094482,0.98,1.0,0.98460453748703,0.88,0.98
0.9855791330337524,0.93,0.97,0.995053768157959,0.87,0.91
0.9993892908096313,0.99,1.0,0.9767469167709351,0.94,0.94
0.9998435974121094,1.0,1.0,0.9996973276138306,0.99,0.97
0.1285402476787567,0.62,0.69,0.8438558578491211,0.61,0.64
0.9992283582687378,0.99,1.0,0.9990320205688477,0.94,0.95
0.9435300827026367,0.6,0.64,0.8553043603897095,0.61,0.71
0.9903082251548767,0.75,0.84,0.9868189096450806,0.78,0.73
0.9997703433036804,0.97,0.99,0.9994035959243774,0.96,0.98
0.9960421323776245,0.96,0.91,0.9985330104827881,0.98,0.97
0.9242216348648071,0.56,0.27,0.9923742413520813,0.68,0.59
0.6212834119796753,0.51,0.59,0.983173131942749,0.59,0.75
0.997424840927124,0.99,1.0,0.9993952512741089,0.99,1.0
0.999771773815155,1.0,1.0,0.9999035596847534,1.0,1.0
0.2860899567604065,0.52,0.53,0.8226170539855957,0.53,0.49
0.98651123046875,0.9,0.97,0.9859529733657837,0.93,1.0
0.9949131011962891,0.97,1.0,0.9997345805168152,1.0,1.0
0.9988960027694702,0.99,0.99,0.9967817068099976,0.98,0.97
0.99689120054245,0.98,0.95,0.9936407208442688,0.89,0.95
0.9554542899131775,0.89,0.99,0.9690560102462769,0.9,0.99
0.9886743426322937,0.92,0.94,0.9711922407150269,0.9,0.88
0.9978744983673096,0.99,1.0,0.9994513392448425,0.99,0.97
0.9979193806648254,0.93,0.89,0.9966524243354797,0.84,0.81
0.9989738464355469,0.96,0.99,0.9954324960708618,0.94,0.97
0.9991365075111389,0.97,0.97,0.9787805080413818,0.91,0.9
0.9986395239830017,0.88,0.9,0.9995970129966736,0.95,0.94
0.9990743398666382,0.98,0.98,0.9958708882331848,0.95,0.99
0.9905233979225159,0.98,0.93,0.9969170093536377,0.91,0.88
0.9984821677207947,1.0,1.0,0.9946387410163879,0.99,0.97
0.9972196817398071,1.0,1.0,0.999560534954071,0.98,0.98
0.9995972514152527,1.0,1.0,0.9998904466629028,1.0,1.0
0.9975857734680176,0.72,0.75,0.9837712049484253,0.67,0.72
0.9982331991195679,0.97,0.97,0.9988628625869751,0.98,1.0
0.052551258355379105,0.35,0.24,0.7614679336547852,0.67,0.56
0.9992352724075317,1.0,1.0,0.9996154308319092,0.97,0.99
0.9966075420379639,0.96,0.99,0.9949483871459961,0.94,0.9
0.9969944953918457,1.0,1.0,0.9964560866355896,1.0,0.99
0.9980941414833069,1.0,1.0,0.9968072175979614,0.95,0.98
0.9960862398147583,0.99,0.99,0.9828518629074097,0.89,0.97
0.9760965704917908,0.9,0.91,0.9916109442710876,0.9,0.87
0.9988564252853394,1.0,1.0,0.9987030029296875,0.97,0.96
0.7468822598457336,0.53,0.51,0.9580050110816956,0.67,0.83
0.9789353013038635,0.84,0.92,0.9941763877868652,0.92,0.96
0.8611778616905212,0.5,0.21,0.15967628359794617,0.41,0.33
0.9730991721153259,0.92,0.95,0.9962326884269714,0.65,0.8
0.9759425520896912,0.86,0.87,0.9721183776855469,0.78,0.83
0.9986103773117065,0.94,0.97,0.9998370409011841,1.0,1.0
0.9974061846733093,0.96,0.99,0.9979239702224731,0.78,0.77
0.9974963068962097,0.83,0.96,0.9989365935325623,0.9,0.98
0.9997938275337219,0.99,0.99,0.9995384216308594,0.98,0.99
0.9986103773117065,1.0,1.0,0.9971216320991516,0.97,1.0
0.9976065158843994,1.0,0.99,0.9992406368255615,0.99,0.95
0.9146921634674072,0.8,0.78,0.9831671118736267,0.76,0.77
0.9996874332427979,1.0,1.0,0.9995229244232178,1.0,0.99
0.998812198638916,0.99,0.97,0.9995284080505371,0.98,0.99
0.9991626739501953,0.98,0.99,0.9998362064361572,0.98,0.95
0.45539918541908264,0.76,0.88,0.8276404738426208,0.67,0.79
0.9994039535522461,0.99,1.0,0.9999037981033325,0.99,1.0
0.9960845708847046,1.0,0.99,0.9783384203910828,0.9,0.87
0.999627947807312,1.0,1.0,0.9998717308044434,0.99,1.0
0.9959938526153564,1.0,1.0,0.9934373497962952,0.87,0.92
0.9995352029800415,0.98,1.0,0.999901294708252,0.98,0.99
0.9990059733390808,0.99,0.97,0.9980598092079163,0.98,0.98
0.9909636974334717,0.98,1.0,0.9989653825759888,0.99,1.0
0.9979122281074524,0.99,1.0,0.9994039535522461,0.97,0.98
0.9999350309371948,0.96,0.93,0.9995488524436951,0.99,1.0
0.9975551962852478,0.97,0.93,0.9909353852272034,0.95,0.85
0.9884576201438904,0.98,1.0,0.9974266886711121,1.0,1.0
0.9987959861755371,1.0,1.0,0.997403085231781,0.99,1.0
0.9527648091316223,0.52,0.47,0.9892459511756897,0.84,0.74
0.9979879856109619,1.0,1.0,0.9959484934806824,1.0,1.0
0.3491048216819763,0.42,0.54,0.22111757099628448,0.32,0.37
0.992424726486206,0.8,0.71,0.987483024597168,0.88,0.95
0.9915499687194824,0.94,0.93,0.9937361478805542,0.94,0.91
0.9933839440345764,0.9,0.86,0.9949284791946411,0.98,0.96
0.9979044198989868,0.95,0.93,0.9989897608757019,0.97,1.0
0.9995549321174622,1.0,1.0,0.9994352459907532,1.0,1.0
0.9996967315673828,0.99,1.0,0.9995842576026917,1.0,1.0
0.9958781003952026,1.0,1.0,0.9971592426300049,0.95,0.94
0.7882607579231262,0.37,0.3,0.6385909914970398,0.42,0.35
0.9988700747489929,1.0,1.0,0.9997466206550598,1.0,1.0
0.9992942810058594,0.99,1.0,0.999667763710022,0.98,0.98
0.9952459931373596,0.92,0.87,0.9768186807632446,0.84,0.91
0.9887189269065857,0.92,1.0,0.9735655784606934,0.85,0.99
0.9996675252914429,1.0,1.0,0.9989467263221741,0.92,0.94
0.9978905320167542,0.92,0.96,0.9980770349502563,0.97,0.88
0.9639166593551636,0.89,0.85,0.4042207896709442,0.59,0.81
0.9996922016143799,0.99,0.99,0.9997537732124329,0.98,0.96
0.9658001661300659,0.69,0.7,0.966148316860199,0.71,0.67
0.9959938526153564,1.0,1.0,0.9943891167640686,0.96,0.99
0.9964463114738464,1.0,1.0,0.9996232986450195,0.99,0.99
0.9912712574005127,0.96,0.99,0.9961711764335632,0.94,0.95
0.9998713731765747,0.99,0.97,0.9994860887527466,0.95,0.95
0.9939197301864624,0.96,1.0,0.9978193044662476,0.98,0.94
0.9916403293609619,0.86,1.0,0.9931024312973022,0.8,0.87
0.9993048906326294,0.98,0.99,0.995083212852478,0.94,0.92
0.9970064759254456,0.97,0.97,0.9895668625831604,0.95,0.96
0.9894608855247498,0.95,0.95,0.9985017776489258,0.98,1.0
0.9997739195823669,0.98,1.0,0.9986757636070251,0.94,0.92
0.9988986253738403,1.0,1.0,0.9983357787132263,0.96,0.98
0.9999439716339111,1.0,0.99,0.9979588985443115,0.85,0.91
0.9830867052078247,0.7,0.76,0.9818708896636963,0.67,0.63
0.9206993579864502,0.75,0.75,0.9802342057228088,0.8,0.82
0.21346044540405273,0.36,0.38,0.44391581416130066,0.48,0.44
0.9982326030731201,1.0,1.0,0.9901435375213623,0.91,0.91
0.9893827438354492,0.98,0.94,0.9990261793136597,0.96,0.97
0.9978557229042053,1.0,1.0,0.9997604489326477,1.0,1.0
0.9986172914505005,1.0,1.0,0.9975733160972595,0.98,1.0
0.9981006979942322,1.0,1.0,0.9864372611045837,0.94,0.92
0.998415470123291,0.91,0.93,0.9900817275047302,0.94,0.98
0.9987047910690308,1.0,0.98,0.9990935325622559,0.99,0.99
0.9999332427978516,1.0,1.0,0.999718964099884,0.97,0.97
0.48911193013191223,0.6,0.88,0.5183125734329224,0.51,0.47
0.9868337512016296,0.84,0.91,0.9478365182876587,0.73,0.76
0.9531708359718323,0.75,0.81,0.700790286064148,0.7,0.78
0.9868457317352295,0.59,0.59,0.9091358184814453,0.51,0.56
0.9581581950187683,0.81,0.6,0.995692789554596,0.91,0.91
0.9722021222114563,0.85,0.85,0.9962558746337891,0.85,0.95
0.999541163444519,0.99,0.97,0.9998155236244202,0.98,0.97
0.6192013621330261,0.73,0.74,0.9708443880081177,0.78,0.76
0.9776355624198914,0.98,1.0,0.9980362057685852,0.96,1.0
0.9965993762016296,0.99,1.0,0.9947068095207214,0.96,0.93
0.998403012752533,0.98,0.99,0.9993308782577515,0.96,0.97
0.9941322207450867,0.97,0.96,0.9975988268852234,0.89,0.95
0.9894758462905884,0.9,0.89,0.9647349715232849,0.87,0.83
0.054449357092380524,0.41,0.34,0.38773155212402344,0.42,0.18
0.9983792304992676,1.0,1.0,0.9995775818824768,1.0,1.0
0.9996373653411865,0.99,1.0,0.9989334940910339,0.81,0.79
0.029191497713327408,0.12,0.15,0.020376689732074738,0.25,0.29
0.9845446348190308,0.94,0.91,0.9943767786026001,0.82,0.87
0.9954627156257629,0.98,0.99,0.9821357727050781,0.85,0.91
0.99783855676651,0.87,0.85,0.9992832541465759,0.89,0.91
0.9992061257362366,0.97,0.98,0.9981106519699097,0.94,0.89
0.9981995820999146,1.0,1.0,0.9909987449645996,0.96,0.94
0.9987894892692566,0.99,1.0,0.9841594696044922,0.92,0.86
0.9979199767112732,0.99,0.99,0.9989681243896484,1.0,0.99
0.9268401861190796,0.48,0.64,0.4358205199241638,0.41,0.42
0.9958232641220093,1.0,1.0,0.9948692321777344,0.95,0.96
0.9952245950698853,0.83,0.85,0.9988862872123718,0.89,0.93
0.9948487877845764,0.94,0.94,0.9976473450660706,0.77,0.75
0.970580518245697,0.91,0.98,0.9995342493057251,0.99,1.0
0.7296441793441772,0.67,0.58,0.9821845293045044,0.84,0.89
0.9985942244529724,0.88,0.92,0.9924855828285217,0.85,0.88
0.996519923210144,0.82,0.88,0.992993175983429,0.91,0.91
0.9642288684844971,0.91,0.99,0.9918881058692932,0.96,0.99
0.6661549210548401,0.68,0.88,0.8009482622146606,0.62,0.9
0.9993711113929749,0.99,1.0,0.9997896552085876,0.97,0.98
0.1678161770105362,0.2,0.14,0.05239362642168999,0.2,0.2
0.9939310550689697,0.97,0.96,0.9986770749092102,0.9,0.94
0.9990559220314026,1.0,0.99,0.9994662404060364,0.99,0.99
0.27097123861312866,0.25,0.24,0.06991180777549744,0.44,0.36
0.9988346695899963,0.98,1.0,0.9922898411750793,0.94,0.94
0.9993533492088318,1.0,1.0,0.9984891414642334,1.0,1.0
0.9954427480697632,0.67,0.84,0.964328408241272,0.69,0.86
0.03066999651491642,0.19,0.14,0.015401056036353111,0.05,0.12
0.9995145797729492,1.0,1.0,0.9999216794967651,1.0,1.0
0.8399204611778259,0.64,0.54,0.8848278522491455,0.78,0.68
0.9606308341026306,0.76,0.69,0.997916042804718,0.89,0.91
0.9875169396400452,0.79,0.6,0.9806506037712097,0.82,0.79
0.9293013215065002,0.85,0.92,0.724317193031311,0.75,0.68
0.9833648800849915,0.8,0.89,0.9648983478546143,0.67,0.74
0.8954645395278931,0.67,0.76,0.18334096670150757,0.68,0.7
0.7123537063598633,0.62,0.61,0.6415915489196777,0.52,0.49
0.44554898142814636,0.51,0.33,0.9208784699440002,0.66,0.79
0.7637037634849548,0.75,0.82,0.400741308927536,0.55,0.59
0.9972143769264221,0.97,0.99,0.997003972530365,0.98,0.93
0.9833254814147949,0.71,0.76,0.8714842796325684,0.69,0.82
0.9975021481513977,0.96,0.94,0.9950830936431885,0.88,0.93
0.9939953684806824,0.97,1.0,0.9913289546966553,0.81,0.89
0.9981452226638794,1.0,1.0,0.9914085268974304,0.91,0.95
0.9986876845359802,1.0,1.0,0.9988116025924683,0.98,0.99
0.4440498650074005,0.41,0.46,0.4561227858066559,0.48,0.5
0.253080815076828,0.42,0.34,0.5448538064956665,0.49,0.57
0.999025821685791,0.94,0.92,0.9994648098945618,0.89,0.95
0.9964463114738464,1.0,1.0,0.999733030796051,1.0,0.99
0.9724870324134827,0.83,0.91,0.9982782602310181,0.87,0.91
0.9969689249992371,0.94,1.0,0.9922236204147339,0.9,0.91
0.9922767281532288,0.89,0.96,0.995768666267395,0.95,0.96
0.8711972236633301,0.89,0.91,0.8030663728713989,0.76,0.78
0.9995145797729492,1.0,1.0,0.99945467710495,1.0,1.0
0.9210461378097534,0.8,0.93,0.98832768201828,0.78,0.84
0.9969485402107239,0.86,0.88,0.9972100853919983,0.68,0.75
0.999850869178772,0.99,1.0,0.9995653033256531,0.99,1.0
0.9996675252914429,1.0,1.0,0.9998132586479187,0.95,0.95
0.9986335635185242,0.98,0.93,0.9870771169662476,0.9,0.84
0.9993921518325806,0.98,0.98,0.9965072274208069,0.94,0.96
0.930915892124176,0.55,0.47,0.3336224853992462,0.53,0.61
0.8994063138961792,0.81,0.93,0.9919644594192505,0.74,0.86
0.9503294825553894,0.73,0.44,0.9725207686424255,0.79,0.75
0.997424840927124,0.99,1.0,0.999614953994751,0.99,1.0
0.9987916350364685,1.0,1.0,0.9864813089370728,0.85,0.83
0.9789788126945496,0.56,0.56,0.968985915184021,0.52,0.6
0.9971302151679993,0.99,1.0,0.9991108775138855,1.0,1.0
0.9985468983650208,0.99,0.99,0.9939026832580566,0.9,0.95
0.9940221905708313,0.92,0.88,0.99777752161026,0.94,0.87
0.9884576201438904,0.98,1.0,0.9963621497154236,0.99,0.97
0.9748103022575378,0.74,0.89,0.9857171773910522,0.78,0.96
0.9997602105140686,1.0,1.0,0.9999186992645264,1.0,1.0
0.9820395112037659,0.83,0.88,0.9985983967781067,0.89,0.94
0.8224509954452515,0.69,0.71,0.8808873295783997,0.71,0.7
0.9979879856109619,1.0,1.0,0.9926016926765442,0.96,0.94
0.9910077452659607,0.92,0.99,0.9918414354324341,0.91,0.91
0.994637668132782,0.92,0.96,0.9874988198280334,0.93,0.92
0.9988033771514893,0.99,1.0,0.9996188879013062,1.0,1.0
0.998802661895752,1.0,1.0,0.9996088147163391,0.89,0.95
0.9894221425056458,1.0,0.98,0.9891874194145203,0.88,0.82
0.9997773766517639,1.0,1.0,0.9997960925102234,1.0,1.0
0.9953587651252747,0.96,0.99,0.9940760135650635,0.98,0.95
0.9987894892692566,0.99,1.0,0.9975899457931519,0.97,0.97
0.9565724730491638,0.9,1.0,0.9503564238548279,0.84,0.95
0.9967977404594421,0.91,0.77,0.9891001582145691,0.77,0.68
0.9899305105209351,0.9,0.9,0.9869222044944763,0.81,0.8
0.9981498718261719,1.0,1.0,0.9997673630714417,1.0,1.0
0.9233626127243042,0.71,0.75,0.9716314077377319,0.71,0.7
0.9997981190681458,0.99,0.99,0.9991681575775146,0.95,0.96
0.9584179520606995,0.66,0.89,0.9936462640762329,0.5,0.75
0.999695897102356,1.0,1.0,0.9997945427894592,0.99,1.0
0.9996675252914429,1.0,1.0,0.9999451637268066,1.0,1.0
0.9990344047546387,1.0,1.0,0.9899761080741882,0.97,0.99
0.821615993976593,0.45,0.55,0.17742469906806946,0.22,0.21
0.9982469081878662,0.95,0.98,0.7996014952659607,0.74,0.84
0.9986146688461304,0.92,0.95,0.942015528678894,0.62,0.73
0.9991509914398193,0.93,0.97,0.9987909197807312,0.97,1.0
0.9995972514152527,1.0,1.0,0.9998657703399658,1.0,1.0
0.9997517466545105,1.0,1.0,0.9998722076416016,1.0,1.0
0.0904020220041275,0.44,0.67,0.02716670371592045,0.22,0.29
0.9974504113197327,0.97,0.99,0.9861661195755005,0.94,0.93
0.9987163543701172,1.0,1.0,0.999858021736145,1.0,1.0
0.999617338180542,1.0,0.99,0.9938336610794067,0.97,1.0
0.9989036321640015,1.0,0.99,0.9998636245727539,0.97,1.0
0.9950919151306152,0.94,0.96,0.9967993497848511,0.89,0.91
0.9909941554069519,0.81,0.88,0.9864435195922852,0.8,0.87
0.937783420085907,0.72,1.0,0.9377221465110779,0.76,0.96
0.9947379231452942,0.96,1.0,0.988186776638031,0.87,0.83
0.9798203110694885,0.83,0.98,0.9827456474304199,0.92,0.97
0.9939315319061279,0.96,0.95,0.9993372559547424,0.89,0.97
0.8002315163612366,0.68,0.69,0.8117229342460632,0.56,0.71
0.9988346695899963,0.98,1.0,0.9944579601287842,0.96,0.99
0.989920973777771,0.78,0.95,0.9403732419013977,0.69,0.81
0.8097102046012878,0.87,1.0,0.9788113236427307,0.78,0.93
0.9569072723388672,0.78,0.89,0.6060860753059387,0.66,0.65
0.999417781829834,1.0,1.0,0.999534010887146,1.0,1.0
0.9739388227462769,0.78,0.84,0.9948083758354187,0.92,0.98
0.9994325041770935,0.97,0.99,0.9953078627586365,0.96,0.97
0.9987894892692566,0.99,1.0,0.988905668258667,0.91,0.88
0.20894816517829895,0.56,0.47,0.7271231412887573,0.65,0.58
0.9952231049537659,0.98,0.98,0.9955443739891052,0.95,0.99
0.9995772242546082,1.0,0.99,0.9998120665550232,0.99,0.98
0.8761649131774902,0.62,0.86,0.9419853091239929,0.64,0.79
0.9995365142822266,0.94,0.98,0.9767415523529053,0.74,0.75
0.9998124241828918,1.0,1.0,0.9998540878295898,1.0,1.0
0.9674299955368042,0.81,0.89,0.9942470788955688,0.83,0.91
0.9887569546699524,0.9,0.93,0.995613694190979,0.82,0.82
0.9996272325515747,1.0,0.99,0.9998047947883606,1.0,1.0
0.9990573525428772,0.95,0.94,0.9999034404754639,1.0,1.0
0.996566653251648,0.95,0.94,0.9447159171104431,0.72,0.68
0.999771773815155,1.0,1.0,0.9999052286148071,1.0,1.0
0.9793913960456848,0.87,0.81,0.971933901309967,0.75,0.83
0.9997448325157166,0.99,0.98,0.9958378076553345,0.95,0.94
0.9559190273284912,0.85,0.8,0.9627262949943542,0.69,0.75
0.05371834710240364,0.36,0.43,0.8671886324882507,0.66,0.6
0.999371349811554,0.99,0.99,0.9961771965026855,0.9,0.87
0.9995972514152527,1.0,1.0,0.9978088736534119,0.97,0.95
0.9766204357147217,0.81,0.96,0.9836896061897278,0.82,0.96
0.9892585873603821,0.96,1.0,0.9936018586158752,0.94,0.99
0.9829613566398621,0.84,0.97,0.9949518442153931,0.84,0.97
0.9984821677207947,1.0,1.0,0.9946387410163879,0.99,0.97
0.996803879737854,0.92,0.91,0.9886559247970581,0.73,0.65
0.9906490445137024,1.0,1.0,0.9970484375953674,0.99,1.0
0.9989823698997498,1.0,1.0,0.9977399110794067,0.96,0.97
